{"T_base_cam": [[-0.136154422231419, 0.011513538786797235, -0.9906207204230253, 0.5551951058555483], [0.9906665316843927, -0.004943015107642902, -0.1362181691334241, 0.19641923280497117], [-0.006465006360779522, -0.9999214994319559, -0.010733064171267587, -0.009116702597974254], [0.0, 0.0, 0.0, 1.0]], "K": [[273.01019962696506, 0.0, 679.6350205420989], [0.0, 275.185965473934, 344.20599796663765], [0.0, 0.0, 1.0]], "dist": [[-2.3713853831696157, 22.41180939894918, -0.0010122361143091313, -0.03590716617299949, -66.25921811948105]], "reprojection_error": 1.139671379258047}