{"img_pts": [[606, 356], [588, 353], [577, 348], [569, 337], [621, 384], [605, 382], [591, 375], [580, 363], [620, 387], [604, 378], [587, 371], [576, 364], [738, 388], [724, 379], [705, 373], [697, 366], [741, 388], [730, 384], [716, 376], [701, 364], [746, 389], [728, 384], [714, 375], [749, 388], [735, 384], [722, 378], [753, 388], [741, 386], [728, 378], [713, 366], [756, 387], [740, 378], [716, 362], [760, 388], [745, 385], [732, 377], [762, 388], [748, 382], [731, 375], [722, 365], [766, 387], [753, 384], [735, 377], [725, 366], [769, 387], [757, 381], [741, 375], [772, 387], [761, 380], [746, 370], [734, 362]], "obj_pts": [[0.4845184682017068, 0.1654516418632834, -0.0130632546399341], [0.4843609015246012, 0.1605827119526786, -0.0123635725132287], [0.4843114189850994, 0.1570525780745338, -0.0109126303039847], [0.4842163539357525, 0.1542350667621231, -0.0072432922321136], [0.4846556487741405, 0.1696680405195083, -0.0213526137221963], [0.4844360585647204, 0.1648773942414937, -0.0206643642040672], [0.4846220979719444, 0.1612993055631028, -0.0187019527384161], [0.4845536926346441, 0.1576231038940151, -0.0151097716474192], [0.4845846819510924, 0.1693504395765146, -0.0217367082635916], [0.484568358689287, 0.1646927692098903, -0.0197679900766059], [0.4847823486960047, 0.1602316836384041, -0.0177310811700771], [0.4846840940917084, 0.1568285191717036, -0.0154441985725887], [0.4845359190700742, 0.2033066727113892, -0.0219117696820217], [0.4845087035021356, 0.1994162348109575, -0.0195188846267707], [0.4846461444395292, 0.1942463843498225, -0.0177204461585345], [0.4846592048445171, 0.191181581176775, -0.0157551210381503], [0.4844424923597741, 0.2042567220175826, -0.0221472591157327], [0.484508280452725, 0.2012344688502968, -0.020992658625745], [0.4844918811727212, 0.1971915042632719, -0.0188480296815977], [0.4845933833208541, 0.1924884480688673, -0.0152643170692007], [0.4845269442815392, 0.2051477274453791, -0.0221480539324918], [0.484482923725399, 0.2006152078583644, -0.0208759514956677], [0.4845564390535538, 0.1966371263206052, -0.0184694636681675], [0.4844507104719686, 0.2061974710200296, -0.0221212149225567], [0.4845143782525439, 0.2021856195030194, -0.0207609880458505], [0.4845125150702061, 0.1988455893048114, -0.0190196053155585], [0.4846431081390538, 0.207236192335673, -0.0221424928106587], [0.4844614470194955, 0.204126759376639, -0.0216541628937727], [0.4845558687914079, 0.2005672444858543, -0.0192906062850781], [0.4846217096369141, 0.1956771442239385, -0.0158122181696767], [0.484510159239403, 0.2082292392264641, -0.0218871628316909], [0.4845499769392007, 0.2039153165262921, -0.0194833087062608], [0.4846777318116538, 0.1961081173366761, -0.014733569617811], [0.4846456938662738, 0.2092382217649007, -0.0220149958191327], [0.4844557357729414, 0.205360167589972, -0.021324128728386], [0.4845622009016247, 0.2015200196856292, -0.0190475427155124], [0.4844571440241606, 0.2102974224396938, -0.0219301577007187], [0.4844552498022834, 0.206586188452904, -0.0204672315640622], [0.4846031916140281, 0.2016872627619409, -0.018465363643557], [0.4845891150270779, 0.1980802401191436, -0.0158146169707232], [0.4846007615223824, 0.2113486244952699, -0.0219161854959008], [0.4844589340188746, 0.2073953016243291, -0.0208368680166177], [0.4845871680689546, 0.2027465804744313, -0.019028267847497], [0.4845735888161309, 0.1993258443311754, -0.0156280585944473], [0.4845484859145805, 0.2124143394281812, -0.0218767027229763], [0.4845019390043124, 0.2089641142184516, -0.0204125873627976], [0.4845428756668061, 0.204510165627222, -0.0185574580499707], [0.4844873452902318, 0.213341052702837, -0.0220350320918893], [0.4844964099155651, 0.2102914853754621, -0.0202625853467891], [0.4844919619477557, 0.2063275459966539, -0.0175347026653599], [0.4846872196674656, 0.2017190029375147, -0.0148106413499958]]}